{
    "name": "All Requests",
    "numberOfRequests": {
        "total": 3650,
        "ok": 3598,
        "ko": 52
    },
    "minResponseTime": {
        "total": 59,
        "ok": 59,
        "ko": 805
    },
    "maxResponseTime": {
        "total": 35502,
        "ok": 35502,
        "ko": 10254
    },
    "meanResponseTime": {
        "total": 2221,
        "ok": 2208,
        "ko": 3103
    },
    "standardDeviation": {
        "total": 4320,
        "ok": 4339,
        "ko": 2531
    },
    "percentiles1": {
        "total": 673,
        "ok": 646,
        "ko": 2007
    },
    "percentiles2": {
        "total": 1947,
        "ok": 1899,
        "ko": 3564
    },
    "percentiles3": {
        "total": 9850,
        "ok": 9844,
        "ko": 9055
    },
    "percentiles4": {
        "total": 26247,
        "ok": 26348,
        "ko": 10247
    },
    "group1": {
    "name": "t < 800 ms",
    "htmlName": "t < 800 ms",
    "count": 2012,
    "percentage": 55
},
    "group2": {
    "name": "800 ms <= t < 1200 ms",
    "htmlName": "t >= 800 ms <br> t < 1200 ms",
    "count": 373,
    "percentage": 10
},
    "group3": {
    "name": "t >= 1200 ms",
    "htmlName": "t >= 1200 ms",
    "count": 1213,
    "percentage": 33
},
    "group4": {
    "name": "failed",
    "htmlName": "failed",
    "count": 52,
    "percentage": 1
},
    "meanNumberOfRequestsPerSecond": {
        "total": 27.651515151515152,
        "ok": 27.257575757575758,
        "ko": 0.3939393939393939
    }
}